0,1
0.0,2005
0.019,1973
0.033,1845
0.049,1553
0.061,1527
0.078,1511
0.094,1493
0.106,1486
0.123,1462
0.135,1458
0.152,1448
0.168,1442
0.18,1444
0.197,1437
0.209,1426
0.225,1440
0.238,1428
0.254,1432
0.27,1426
0.283,1429
0.299,1429
0.311,1439
0.328,1442
0.344,1427
0.356,1426
0.373,1429
0.385,1443
0.401,1429
0.414,1421
0.43,1423
0.446,1437
0.459,1447
0.475,1445
0.487,1439
0.504,1411
0.516,1401
0.532,1420
0.549,1420
0.561,1423
0.578,1429
0.59,1428
0.606,1427
0.618,1429
0.635,1414
0.651,1415
0.663,1453
0.68,1419
0.692,1413
0.709,1429
0.725,1427
0.737,1415
0.754,1415
0.766,1416
0.782,1405
0.795,1413
0.811,1424
0.827,1412
0.84,1422
0.856,1414
0.868,1417
0.885,1418
0.897,1389
0.913,1411
0.93,1426
0.942,1421
0.959,1401
0.971,1413
0.987,1410
0.999,1415
1.016,1390
1.032,1403
1.044,1422
1.061,1414
1.073,1420
1.089,1406
1.102,1395
1.118,1406
1.134,1408
1.147,1414
1.163,1418
1.176,1415
1.192,1402
1.204,1421
1.221,1410
1.237,1416
1.249,1396
1.265,1406
1.278,1431
1.294,1435
1.307,1433
1.323,1406
1.339,1422
1.352,1396
1.368,1401
1.38,1407
1.397,1426
1.409,1425
1.425,1409
1.442,1398
1.454,1418
1.47,1412
1.483,1405
1.499,1398
1.511,1408
1.528,1416
1.544,1409
1.556,1399
1.573,1403
1.585,1397
1.601,1404
1.614,1418
1.63,1414
1.646,1419
1.659,1417
1.675,1415
1.687,1398
1.704,1410
1.716,1414
1.732,1403
1.749,1412
1.761,1423
1.778,1418
1.79,1411
1.806,1407
1.819,1407
1.835,1417
1.851,1400
1.864,1423
1.88,1412
1.892,1399
1.909,1409
1.921,1416
1.937,1400
1.954,1405
1.966,1398
1.982,1422
1.995,1390
2.011,1417
2.023,1398
2.04,1383
2.052,1414
2.068,1410
2.085,1390
2.097,1401
2.113,1409
2.126,1413
2.142,1413
2.154,1385
2.171,1417
2.187,1413
2.199,1407
2.216,1405
2.228,1408
2.244,1418
2.257,1406
2.273,1421
2.29,1409
2.302,1417
2.318,1421
2.33,1418
2.347,1419
2.359,1412
2.375,1432
2.392,1416
2.404,1415
2.421,1415
2.433,1411
2.449,1393
2.461,1423
2.478,1435
2.494,1424
2.507,1421
2.523,1419
2.535,1406
2.552,1410
2.564,1399
2.58,1434
2.597,1430
2.609,1423
2.625,1419
2.638,1416
2.654,1413
2.67,1406
2.683,1405
2.699,1412
2.711,1428
2.728,1418
2.74,1420
2.756,1412
2.773,1422
2.785,1419
2.801,1405
2.814,1408
2.83,1419
2.842,1423
2.859,1416
2.875,1426
2.888,1421
2.904,1420
2.916,1425
2.933,1410
2.945,1421
2.961,1429
2.978,1419
2.99,1423
3.006,1416
3.019,1418
3.035,1418
3.048,1408
3.064,1417
3.08,1430
3.092,1419
3.109,1434
3.121,1412
3.137,1410
3.15,1413
3.166,1402
3.182,1429
3.195,1411
3.211,1432
3.223,1431
3.24,1418
3.256,1409
3.268,1434
3.285,1412
3.297,1409
3.313,1416
3.326,1433
3.342,1419
3.359,1426
3.371,1424
3.387,1422
3.399,1414
3.416,1415
3.428,1420
3.445,1441
3.461,1424
3.473,1421
3.49,1427
3.502,1424
3.518,1406
3.531,1413
3.547,1421
3.563,1424
3.576,1428
3.592,1435
3.604,1420
3.621,1412
3.633,1426
3.649,1420
3.666,1431
3.678,1406
3.694,1431
3.707,1425
3.723,1421
3.739,1430
3.752,1397
3.768,1419
3.78,1412
3.797,1430
3.809,1433
3.825,1416
3.842,1430
3.854,1414
3.871,1422
3.883,1405
3.899,1404
3.911,1420
3.928,1437
3.944,1417
3.956,1414
3.973,1421
3.985,1414
4.002,1409
4.014,1415
4.03,1411
4.047,1428
4.059,1418
4.075,1422
4.088,1415
4.104,1418
4.116,1423
4.133,1416
4.149,1414
4.161,1423
4.178,1425
4.19,1419
4.206,1427
4.223,1418
4.235,1420
4.251,1421
4.264,1412
4.28,1422
4.292,1431
4.309,1425
4.325,1409
4.337,1422
4.354,1422
4.366,1408
4.382,1417
4.395,1422
4.411,1425
4.428,1423
4.44,1437
4.456,1425
4.468,1415
4.485,1412
4.497,1419
4.513,1410
4.53,1424
4.542,1430
4.559,1430
4.571,1419
4.587,1420
4.599,1417
4.616,1417
4.632,1422
4.645,1430
4.661,1432
4.673,1411
4.69,1399
4.706,1412
4.718,1420
4.735,1420
4.747,1422
4.763,1418
4.776,1430
4.792,1419
4.809,1434
4.821,1417
4.837,1435
4.849,1413
4.866,1413
4.878,1402
4.894,1431
4.911,1423
4.923,1413
4.94,1422
4.952,1417
4.968,1431
4.98,1418
4.997,1421
5.013,1437
5.025,1437
5.042,1414
5.054,1423
5.071,1423
5.083,1409
5.099,1420
5.116,1417
5.128,1446
5.144,1436
5.156,1430
5.173,1415
5.189,1420
5.202,1427
5.218,1408
5.23,1421
5.247,1414
5.259,1421
5.275,1426
5.292,1430
5.304,1421
5.32,1423
5.333,1402
5.349,1419
5.361,1428
5.378,1418
5.394,1423
5.406,1421
5.423,1412
5.435,1422
5.451,1418
5.464,1397
5.48,1431
5.497,1438
5.509,1435
5.525,1413
5.537,1428
5.554,1426
5.57,1431
5.582,1409
5.599,1417
5.611,1416
5.628,1424
5.64,1420
5.656,1421
5.673,1410
5.685,1421
5.701,1422
5.714,1428
5.73,1427
5.742,1425
5.759,1434
5.775,1418
5.787,1422
5.804,1425
5.816,1404
5.832,1401
5.845,1436
5.861,1435
5.877,1421
5.89,1429
5.906,1413
5.918,1429
5.935,1410
5.947,1420
5.963,1414
5.98,1431
5.992,1434
6.008,1433
6.021,1417
6.037,1428
6.054,1421
6.066,1393
6.082,1425
6.094,1418
6.111,1431
6.123,1418
6.14,1401
6.156,1430
6.168,1414
6.185,1416
6.197,1409
6.213,1439
6.226,1442
6.242,1427
6.258,1420
6.271,1431
6.287,1425
6.299,1419
6.316,1406
6.328,1434
6.344,1429
6.361,1423
6.373,1428
6.389,1427
6.402,1433
6.418,1417
6.434,1424
6.447,1415
6.463,1428
6.475,1428
6.492,1441
6.504,1434
6.521,1416
6.537,1422
6.549,1410
6.565,1434
6.578,1422
6.594,1432
6.606,1423
6.623,1415
6.639,1425
6.652,1418
6.668,1419
6.68,1411
6.697,1428
6.713,1426
6.725,1440
6.742,1428
6.754,1420
6.77,1421
6.783,1420
6.799,1418
6.815,1422
6.828,1432
6.844,1425
6.856,1430
6.873,1434
6.885,1429
6.901,1407
6.918,1422
6.93,1421
6.946,1431
6.959,1429
6.975,1425
6.987,1415
7.004,1428
7.02,1429
7.032,1394
7.049,1420
7.061,1433
7.077,1442
7.094,1433
7.106,1418
7.123,1419
7.135,1410
7.151,1422
7.164,1416
7.18,1416
7.196,1431
7.209,1433
7.225,1416
7.237,1430
7.254,1430
7.266,1419
7.282,1417
7.299,1410
7.311,1433
7.327,1427
7.34,1418
7.356,1426
7.368,1423
7.385,1420
7.401,1413
7.413,1411
7.43,1426
7.442,1437
7.458,1427
7.475,1422
7.487,1417
7.503,1408
7.516,1412
7.532,1431
7.544,1434
7.561,1440
7.577,1435
7.589,1425
7.606,1422
7.618,1414
7.634,1428
7.647,1419
7.663,1424
7.68,1429
7.692,1431
7.708,1430
7.72,1413
7.737,1431
7.749,1426
7.765,1433
7.782,1416
7.794,1434
7.811,1418
7.823,1433
7.839,1415
7.856,1421
7.868,1412
7.884,1409
7.897,1416
7.913,1435
7.925,1435
7.942,1435
7.958,1434
7.97,1424
7.987,1418
7.999,1414
8.015,1419
8.028,1426
8.044,1433
8.06,1436
8.073,1435
8.089,1427
8.101,1424
8.118,1431
8.134,1413
8.146,1420
8.163,1428
8.175,1413
8.192,1424
8.204,1422
8.22,1419
8.237,1429
8.249,1405
8.265,1423
8.278,1424
8.294,1424
8.306,1423
8.323,1426
8.339,1418
8.351,1422
8.368,1419
8.38,1425
8.396,1434
8.409,1427
8.425,1414
8.441,1419
8.454,1412
8.47,1420
8.482,1405
8.499,1417
8.511,1426
8.527,1428
8.544,1431
8.556,1423
8.572,1426
8.585,1421
8.601,1418
8.617,1425
8.63,1417
8.646,1441
8.658,1436
8.675,1426
8.687,1428
8.703,1426
8.72,1421
8.732,1412
8.748,1430
8.761,1423
8.777,1430
8.789,1438
8.806,1414
8.822,1417
8.835,1424
8.851,1416
8.863,1422
8.88,1433
8.896,1434
8.908,1435
8.925,1421
8.937,1428
8.953,1416
8.966,1412
8.983,1425
8.998,1424
9.011,1424
9.027,1432
9.039,1426
9.056,1423
9.072,1413
9.084,1420
9.101,1417
9.113,1421
9.129,1419
9.142,1435
9.158,1417
9.175,1410
9.187,1417
9.203,1427
9.215,1423
9.232,1418
9.244,1420
9.261,1434
9.277,1434
9.289,1421
9.306,1407
9.318,1424
9.334,1421
9.351,1422
9.363,1426
9.379,1425
9.392,1430
9.408,1430
9.42,1425
9.437,1419
9.453,1418
9.465,1421
9.482,1415
9.494,1420
9.51,1448
9.527,1436
9.539,1413
9.555,1443
9.568,1430
9.584,1412
9.596,1426
9.613,1411
9.629,1424
9.641,1436
9.658,1418
9.67,1424
9.686,1431
9.703,1410
9.715,1415
9.731,1411
9.744,1438
9.76,1433
9.772,1423
9.789,1433
9.805,1436
9.818,1413
9.834,1427
9.846,1427
9.863,1425
9.879,1431
9.891,1417
9.908,1419
9.92,1414
9.936,1423
9.949,1419
9.965,1426
9.981,1418
9.994,1426
10.01,1436
10.022,1430
10.039,1424
10.055,1422
10.067,1435
10.084,1415
10.096,1418
10.112,1429
10.125,1437
10.141,1420
10.158,1412
10.17,1412
10.186,1420
10.198,1413
10.215,1422
10.227,1428
10.243,1427
10.26,1436
10.272,1431
10.289,1418
10.301,1426
10.317,1422
10.334,1434
10.346,1425
10.362,1441
10.375,1434
10.391,1434
10.407,1446
10.42,1426
10.436,1422
10.448,1410
10.465,1426
10.477,1444
10.493,1432
10.51,1424
10.522,1412
10.538,1424
10.551,1427
10.567,1412
10.579,1415
10.596,1432
10.612,1431
10.624,1425
10.641,1422
10.653,1415
10.67,1417
10.686,1413
10.698,1407
10.715,1435
10.727,1433
10.743,1442
10.755,1434
10.772,1417
10.788,1428
10.8,1438
10.817,1416
10.829,1422
10.845,1425
10.862,1423
10.874,1430
10.891,1427
10.903,1426
10.919,1420
10.932,1435
10.948,1423
10.964,1424
10.977,1435
10.993,1429
11.005,1426
11.022,1433
11.038,1436
11.05,1419
11.067,1419
11.079,1429
11.095,1423
11.108,1427
11.124,1434
11.141,1421
11.153,1419
11.169,1427
11.181,1401
11.198,1425
11.214,1433
11.226,1427
11.243,1434
11.255,1433
11.272,1417
11.284,1436
11.3,1419
11.317,1425
11.329,1431
11.345,1417
11.358,1433
11.374,1438
11.39,1429
11.403,1414
11.419,1422
11.431,1419
11.448,1422
11.46,1427
11.476,1430
11.493,1441
11.505,1421
11.521,1420
11.534,1431
11.55,1411
11.566,1403
11.579,1426
11.595,1426
11.607,1438
11.624,1419
11.636,1415
11.652,1416
11.669,1421
11.681,1404
11.698,1432
11.71,1440
11.726,1433
11.743,1429
11.755,1416
11.771,1438
11.783,1416
11.8,1414
11.812,1429
11.829,1431
11.845,1432
11.857,1429
11.874,1428
11.886,1442
11.902,1432
11.919,1428
11.931,1401
11.947,1435
11.96,1441
11.976,1440
11.988,1426
12.005,1429
12.021,1430
12.033,1417
12.05,1427
12.062,1428
12.078,1442
12.095,1423
12.107,1441
12.123,1420
12.136,1431
12.152,1415
12.164,1419
12.181,1417
12.197,1422
12.209,1433
12.226,1424
12.238,1431
12.255,1417
12.271,1427
12.283,1412
12.3,1421
12.312,1427
12.328,1430
12.34,1439
12.357,1418
12.373,1422
12.386,1420
12.402,1419
12.414,1417
12.431,1410
12.447,1422
12.459,1439
12.476,1423
12.488,1427
12.504,1434
12.517,1412
12.533,1422
12.549,1425
12.562,1428
12.578,1437
12.59,1426
12.607,1432
12.623,1431
12.636,1424
12.652,1406
12.664,1415
12.681,1423
12.693,1426
12.709,1424
12.726,1440
12.738,1426
12.754,1428
12.766,1435
12.783,1413
12.799,1424
12.812,1434
12.828,1435
12.84,1426
12.857,1439
12.869,1422
12.885,1418
12.902,1412
12.914,1423
12.93,1415
12.943,1422
12.959,1430
12.971,1429
12.988,1424
13.004,1426
13.016,1428
13.033,1417
13.045,1436
13.061,1428
13.078,1426
13.09,1414
13.107,1430
13.119,1421
13.135,1417
13.147,1431
13.164,1422
13.18,1423
13.192,1434
13.209,1427
13.221,1414
13.238,1427
13.254,1432
13.266,1415
13.283,1418
13.295,1427
13.311,1439
13.323,1429
13.34,1422
13.356,1430
13.369,1423
13.385,1411
13.397,1418
13.414,1415
13.43,1434
13.442,1437
13.459,1420
13.471,1422
13.487,1420
13.5,1412
13.516,1406
13.532,1416
13.545,1430
13.561,1435
13.573,1427
13.59,1421
13.606,1423
13.618,1423
13.635,1432
13.647,1411
13.663,1410
13.676,1438
13.692,1434
13.709,1412
13.721,1428
13.737,1423
13.749,1417
13.766,1421
13.782,1428
13.795,1426
13.811,1426
13.823,1424
13.84,1423
13.852,1429
13.868,1430
13.885,1408
13.897,1419
13.913,1420
13.926,1444
13.942,1440
13.954,1424
13.971,1428
13.987,1433
13.999,1420
14.016,1413
14.028,1425
14.044,1414
14.061,1426
14.073,1424
14.089,1430
14.102,1435
14.118,1416
14.13,1423
14.147,1421
14.163,1429
14.175,1434
14.192,1417
14.204,1426
14.221,1436
14.237,1418
14.249,1431
14.266,1412
14.278,1421
14.294,1425
14.307,1417
14.323,1436
14.339,1422
14.352,1433
14.368,1406
14.38,1422
14.397,1422
14.413,1444
14.425,1433
14.442,1423
14.454,1432
14.47,1432
14.483,1432
14.499,1414
14.515,1417
14.528,1426
14.544,1433
14.556,1425
14.573,1427
14.589,1428
14.601,1431
14.618,1413
14.63,1414
14.646,1424
14.659,1426
14.675,1430
14.692,1432
14.704,1436
14.72,1422
14.732,1439
14.749,1416
14.765,1422
14.777,1443
14.794,1440
14.806,1420
14.823,1429
14.835,1427
14.851,1415
14.868,1417
14.88,1427
14.896,1422
14.909,1425
14.925,1438
14.941,1446
14.954,1407
14.97,1421
14.982,1416
14.999,1420
15.011,1422
15.027,1426
15.044,1421
15.056,1429
15.072,1432
15.085,1419
15.101,1400
15.117,1410
15.13,1424
15.146,1433
15.158,1444
15.175,1429
15.187,1417
15.204,1438
15.22,1412
15.232,1413
15.249,1419
15.261,1421
15.277,1436
15.294,1417
15.306,1428
15.322,1449
15.335,1428
15.351,1412
15.363,1429
15.38,1421
15.396,1421
15.408,1434
15.425,1430
15.437,1433
15.453,1419
15.47,1408
15.482,1424
15.498,1413
15.511,1433
15.527,1433
15.539,1424
15.556,1420
15.572,1431
15.584,1420
15.601,1420
15.613,1407
15.629,1426
15.642,1430
15.658,1422
15.675,1430
15.687,1436
15.703,1430
15.715,1417
15.732,1411
15.748,1425
15.76,1434
15.777,1431
15.789,1434
15.805,1431
15.818,1425
15.834,1425
15.851,1427
15.863,1427
15.879,1413
15.892,1431
15.908,1438
15.924,1425
15.937,1421
15.953,1427
15.965,1412
15.982,1414
15.994,1419
16.01,1430
16.027,1437
16.039,1428
16.055,1425
16.068,1430
16.084,1428
16.1,1424
16.113,1424
16.129,1437
16.141,1443
16.158,1423
16.17,1427
16.187,1426
16.203,1413
16.215,1415
16.231,1416
16.244,1427
16.26,1428
16.277,1427
16.289,1424
16.305,1434
16.317,1420
16.334,1416
16.346,1417
16.363,1422
16.379,1447
16.391,1423
16.408,1441
16.42,1436
16.436,1421
16.453,1426
16.465,1413
16.481,1416
16.494,1445
16.51,1427
16.522,1430
16.539,1420
16.555,1425
16.567,1421
16.584,1419
16.596,1422
16.612,1426
16.629,1443
16.641,1444
16.658,1437
16.67,1438
16.686,1423
16.698,1404
16.715,1416
16.731,1434
16.743,1429
16.76,1426
16.772,1429
16.789,1434
16.805,1429
16.817,1417
16.834,1421
16.846,1426
16.862,1438
16.874,1427
16.891,1429
16.907,1417
16.92,1426
16.936,1425
16.948,1435
16.965,1426
16.981,1421
16.993,1437
17.01,1439
17.022,1421
17.038,1422
17.051,1424
17.067,1423
17.083,1425
17.096,1420
17.112,1418
17.124,1429
17.141,1426
17.157,1434
17.169,1418
17.186,1416
17.198,1411
17.215,1424
17.227,1438
17.243,1436
17.26,1438
17.272,1433
17.288,1439
17.301,1415
17.317,1407
17.333,1423
17.346,1428
17.362,1425
17.374,1429
17.391,1420
17.403,1436
17.419,1419
17.436,1422
17.448,1417
17.464,1424
17.477,1433
17.493,1433
17.509,1443
17.522,1415
17.538,1430
17.55,1410
17.567,1419
17.579,1423
17.595,1432
17.612,1418
17.624,1419
17.64,1422
17.653,1419
17.669,1434
17.686,1421
17.698,1410
17.714,1429
17.726,1447
17.743,1434
17.755,1419
17.772,1425
17.788,1422
17.8,1437
17.817,1417
17.829,1426
17.845,1427
17.862,1431
17.874,1422
17.89,1429
17.903,1420
17.919,1422
17.931,1429
17.948,1416
17.964,1435
17.976,1431
17.993,1422
18.005,1437
18.021,1426
18.038,1415
18.05,1415
18.066,1405
18.079,1434
18.095,1434
18.107,1426
18.124,1435
18.14,1422
18.152,1420
18.169,1420
18.181,1419
18.197,1408
18.214,1429
18.226,1438
18.243,1435
18.255,1430
18.271,1428
18.283,1427
18.3,1407
18.316,1420
18.329,1423
18.345,1423
18.357,1437
18.374,1426
18.39,1423
18.402,1437
18.419,1405
18.431,1423
18.447,1421
18.46,1435
18.476,1425
18.492,1434
18.505,1432
18.521,1440
18.533,1420
18.55,1415
18.566,1421
18.578,1413
18.595,1441
18.607,1422
18.623,1430
18.636,1426
18.652,1428
18.669,1412
18.681,1426
18.697,1423
18.709,1437
18.726,1437
18.742,1423
18.754,1426
18.771,1438
18.783,1429
18.8,1413
18.812,1407
18.828,1428
18.845,1427
18.857,1419
18.873,1415
18.886,1418
18.902,1419
18.914,1417
18.931,1418
18.947,1438
18.959,1423
18.976,1414
18.988,1426
19.004,1434
19.021,1419
19.033,1426
19.049,1428
19.062,1425
19.078,1434
19.09,1438
19.107,1427
19.123,1429
19.135,1423
19.152,1418
19.164,1410
19.181,1419
19.197,1417
19.209,1427
19.226,1417
19.238,1424
19.254,1430
19.266,1430
19.283,1416
19.299,1429
19.312,1437
19.328,1443
19.34,1440
19.357,1435
19.373,1424
19.385,1429
19.402,1420
19.414,1422
19.431,1431
19.443,1441
19.459,1429
19.475,1418
19.488,1428
19.504,1420
19.516,1430
19.533,1421
19.549,1426
19.561,1436
19.578,1430
19.59,1435
19.606,1429
19.619,1429
19.635,1437
19.652,1433
19.664,1409
19.68,1432
19.692,1423
19.709,1431
19.725,1419
19.737,1422
19.754,1420
19.766,1438
19.783,1416
19.795,1421
19.811,1437
19.828,1432
19.84,1439
19.856,1405
19.869,1432
19.885,1425
19.901,1407
19.914,1429
19.93,1426
19.942,1435
19.959,1440
19.971,1436
19.987,1428
20.004,1429
20.016,1426
20.032,1429
20.045,1428
20.061,1438
20.077,1421
20.09,1438
20.106,1425
20.118,1412
20.135,1425
20.147,1427
20.163,1417
20.18,1430
20.192,1432
20.209,1416
20.221,1437
20.237,1421
20.254,1431
20.266,1410
20.282,1400
20.295,1418
20.311,1422
20.323,1442
20.34,1428
20.356,1415
20.368,1428
20.385,1432
20.397,1408
20.413,1433
20.43,1433
20.442,1440
20.458,1438
20.471,1423
20.487,1429
20.499,1423
20.516,1411
20.532,1434
20.544,1425
20.561,1432
20.573,1433
20.589,1414
20.606,1422
20.618,1442
20.634,1442
20.647,1437
20.663,1433
20.675,1429
20.692,1420
20.708,1426
20.721,1441
20.737,1432
20.749,1434
20.765,1415
20.782,1428
20.794,1427
20.811,1444
20.823,1426
20.839,1428
20.856,1430
20.868,1409
20.884,1407
20.897,1408
20.913,1431
20.927,1429
20.942,1429
20.958,1426
20.97,1433
20.987,1427
20.999,1431
21.015,1422
21.028,1436
21.044,1429
21.06,1429
21.073,1419
21.089,1447
21.101,1419
21.118,1418
21.134,1422
21.146,1420
21.163,1429
21.175,1448
21.192,1428
21.204,1415
21.22,1432
21.237,1418
21.249,1413
21.265,1423
21.277,1429
21.294,1416
21.31,1438
21.323,1413
21.339,1421
21.351,1416
21.368,1423
21.38,1429
21.396,1431
21.413,1432
21.425,1430
21.441,1420
21.454,1437
21.47,1433
21.486,1436
21.499,1410
21.515,1402
21.527,1441
21.544,1424
21.556,1422
21.572,1434
21.589,1424
21.601,1433
21.617,1432
21.63,1417
21.646,1416
21.663,1435
21.675,1439
21.691,1428
21.704,1439
21.72,1420
21.732,1428
21.749,1424
21.765,1430
21.777,1428
21.794,1431
21.806,1436
21.822,1431
21.839,1429
21.851,1428
21.867,1413
21.88,1419
21.896,1429
21.908,1435
21.925,1430
21.941,1419
21.953,1423
21.97,1433
21.982,1426
21.998,1420
22.015,1430
22.027,1434
22.043,1429
22.056,1438
22.072,1428
22.088,1441
22.101,1417
22.117,1412
22.129,1431
22.146,1429
22.158,1440
22.174,1432
22.191,1425
22.203,1436
22.22,1436
22.232,1420
22.248,1428
22.265,1428
22.277,1425
22.293,1446
22.306,1427
22.322,1419
22.334,1436
22.351,1431
22.367,1413
22.379,1426
22.396,1442
22.408,1447
22.424,1439
22.441,1427
22.453,1416
22.469,1423
22.482,1409
22.498,1424
22.51,1431
22.527,1442
22.543,1433
22.555,1434
22.572,1416
22.584,1432
22.6,1418
22.617,1415
22.629,1429
22.645,1438
22.658,1434
22.674,1432
22.686,1435
22.703,1423
22.719,1418
22.732,1418
22.748,1430
22.76,1428
22.777,1428
22.793,1434
22.805,1419
22.822,1434
22.834,1431
22.85,1439
22.863,1413
22.879,1436
22.895,1435
22.908,1441
22.924,1431
22.936,1427
22.953,1425
22.969,1435
22.981,1416
22.998,1429
23.01,1429
23.026,1439
23.039,1419
23.055,1424
23.071,1438
23.084,1409
23.1,1431
23.112,1414
23.129,1421
23.145,1425
23.157,1446
23.174,1414
23.186,1426
23.203,1422
23.215,1425
23.231,1413
23.248,1433
23.26,1434
23.276,1426
23.289,1418
23.305,1431
23.321,1431
23.334,1430
23.35,1429
23.362,1419
23.379,1435
23.391,1419
23.407,1432
23.424,1418
23.436,1426
23.452,1422
23.465,1422
23.481,1422
23.497,1424
23.51,1442
23.526,1444
23.538,1437
23.555,1429
23.567,1407
23.583,1428
23.6,1426
23.612,1414
23.628,1432
23.641,1442
23.657,1435
23.674,1419
23.686,1430
23.702,1424
23.714,1417
23.731,1430
23.743,1437
23.759,1428
23.776,1427
23.788,1436
23.805,1438
23.817,1424
23.833,1431
23.85,1422
23.862,1443
23.878,1436
23.891,1425
23.907,1428
23.923,1415
23.936,1419
23.952,1419
23.964,1420
23.981,1417
23.993,1440
24.009,1438
24.026,1421
24.038,1429
24.054,1423
24.067,1430
24.083,1408
24.095,1424
24.112,1437
24.128,1424
24.14,1443
24.157,1438
24.169,1435
24.185,1428
24.202,1416
24.214,1422
24.231,1429
24.243,1426
24.259,1420
24.271,1430
24.288,1430
24.304,1412
24.317,1422
24.333,1416
24.345,1409
24.362,1427
24.378,1441
24.39,1431
24.407,1418
24.419,1428
24.435,1421
24.448,1434
24.464,1430
24.48,1420
24.493,1431
24.509,1433
24.521,1418
24.538,1440
24.554,1409
24.566,1413
24.583,1418
24.595,1435
24.611,1421
24.624,1418
24.64,1418
24.657,1429
24.669,1437
24.685,1420
24.697,1412
24.714,1438
24.73,1437
24.743,1446
24.759,1442
24.771,1432
24.788,1455
24.804,1439
24.816,1414
24.833,1433
24.845,1416
24.861,1438
24.874,1437
24.89,1434
24.906,1426
24.919,1436
24.935,1428
24.947,1411
24.964,1439
24.98,1436
24.992,1447
25.009,1447
25.021,1438
25.037,1433
25.05,1445
25.066,1437
25.082,1420
25.095,1446
25.111,1437
25.123,1438
25.14,1437
25.156,1438
25.168,1424
25.185,1441
25.197,1422
25.214,1415
25.23,1443
25.242,1433
25.259,1438
25.271,1414
25.287,1433
25.3,1435
25.316,1424
25.332,1422
25.345,1435
25.361,1447
25.373,1434
25.39,1429
25.407,1418
25.418,1422
25.435,1417
25.447,1418
25.463,1435
25.476,1423
25.492,1438
25.508,1434
25.521,1425
25.537,1437
25.549,1426
25.566,1416
25.582,1429
25.594,1420
25.611,1432
25.623,1442
25.639,1424
25.652,1429
25.668,1431
25.685,1429
25.697,1415
25.713,1429
25.725,1425
25.742,1422
25.758,1427
25.771,1417
25.787,1416
25.799,1435
25.816,1424
25.828,1436
25.844,1429
25.861,1432
25.873,1440
25.889,1426
25.902,1433
25.918,1422
25.934,1443
25.947,1429
25.963,1433
25.975,1426
25.992,1431
26.004,1425
26.02,1424
26.037,1437
26.049,1420
26.065,1416
26.078,1424
26.094,1413
26.111,1437
26.123,1423
26.139,1429
26.151,1434
26.168,1429
26.18,1418
26.197,1420
26.213,1415
26.225,1441
26.242,1434
26.254,1433
26.27,1440
26.287,1426
26.299,1427
26.315,1422
26.328,1438
26.344,1442
26.356,1432
26.373,1426
26.389,1432
26.401,1431
26.418,1432
26.43,1413
26.446,1416
26.463,1431
26.475,1424
26.492,1432
26.504,1429
26.52,1420
26.532,1429
26.549,1415
26.565,1410
26.577,1433
26.594,1432
26.606,1424
26.622,1431
26.639,1419
26.651,1426
26.668,1427
26.68,1417
26.696,1431
26.709,1431
26.725,1439
26.741,1423
26.754,1426
26.77,1431
26.782,1427
26.799,1417
26.815,1436
26.827,1434
26.844,1439
26.856,1424
26.872,1433
26.889,1428
26.902,1428
26.917,1425
26.93,1396
26.946,1417
26.958,1450
26.975,1444
26.991,1426
27.003,1435
27.02,1427
27.032,1404
27.048,1427
27.061,1417
27.077,1433
27.094,1437
27.106,1452
27.122,1438
27.134,1433
27.151,1422
27.167,1428
27.179,1412
27.196,1423
27.208,1426
27.225,1432
27.241,1430
27.253,1429
27.27,1421
27.282,1418
27.298,1426
27.311,1435
27.327,1437
27.343,1440
27.356,1439
27.372,1419
27.384,1437
27.401,1425
27.417,1418
27.429,1431
27.446,1421
27.458,1440
27.474,1445
27.487,1430
27.503,1434
27.519,1419
27.532,1419
27.548,1424
27.56,1427
27.577,1432
27.593,1434
27.605,1412
27.622,1430
27.634,1435
27.651,1430
27.663,1418
27.679,1433
27.696,1422
27.708,1439
27.724,1429
27.737,1430
27.753,1433
27.769,1434
27.782,1418
27.798,1423
27.81,1445
27.827,1430
27.839,1436
27.855,1431
27.872,1443
27.884,1421
27.901,1425
27.913,1425
27.929,1432
27.945,1444
27.958,1438
27.974,1427
27.986,1421
28.003,1430
28.019,1433
28.031,1431
28.048,1417
28.06,1417
28.076,1451
28.089,1432
28.105,1429
28.122,1426
28.134,1431
28.15,1427
28.162,1414
28.179,1418
28.195,1461
28.208,1420
28.224,1428
28.236,1440
28.253,1427
28.265,1418
28.281,1429
28.298,1427
28.31,1427
28.326,1433
28.339,1424
28.355,1419
28.371,1426
28.385,1432
28.4,1420
28.412,1424
28.429,1444
28.441,1433
28.457,1424
28.474,1432
28.486,1434
28.502,1428
28.515,1413
28.531,1418
28.547,1438
28.56,1434
28.576,1425
28.588,1443
28.605,1439
28.617,1427
28.633,1426
28.65,1419
28.662,1426
28.678,1441
28.691,1439
28.707,1435
28.724,1424
28.736,1437
28.752,1437
28.765,1436
28.781,1431
28.797,1429
28.81,1441
28.826,1438
28.838,1447
28.855,1426
28.867,1451
28.883,1431
28.9,1432
28.912,1428
28.928,1438
28.941,1432
28.957,1426
28.974,1441
28.986,1423
29.002,1425
29.014,1420
29.031,1419
29.043,1427
29.059,1436
29.076,1425
29.088,1427
29.105,1420
29.117,1433
29.133,1424
29.15,1426
29.162,1423
29.178,1437
29.191,1445
29.207,1442
29.223,1446
29.236,1430
29.252,1425
29.264,1418
29.281,1417
29.293,1429
29.309,1439
29.326,1439
29.338,1430
29.354,1416
29.367,1435
29.383,1425
29.399,1429
29.412,1416
29.428,1437
29.44,1421
29.457,1440
29.469,1424
29.485,1432
29.502,1424
29.514,1420
29.53,1431
29.543,1424
29.559,1441
29.576,1440
29.588,1431
29.604,1437
29.616,1434
29.633,1425
29.645,1439
29.661,1443
29.678,1422
29.69,1435
29.707,1428
29.719,1421
29.735,1420
29.752,1436
29.764,1433
29.78,1422
29.793,1439
29.809,1444
29.821,1435
29.838,1441
29.854,1436
29.866,1411
29.883,1423
29.895,1408
29.911,1429
29.928,1440
29.94,1430
29.957,1419
29.969,1414
29.985,1435
29.997,1415
30.014,1420
30.03,1426
30.042,1438
30.059,1417
30.071,1424
30.088,1426
30.104,1437
30.116,1416
30.133,1415
30.145,1429
30.161,1436
30.174,1436
30.19,1432
30.206,1428
30.219,1415
30.235,1423
30.247,1408
30.264,1431
30.28,1438
30.292,1439
30.309,1433
30.321,1424
30.337,1427
30.35,1435
30.366,1438
30.382,1425
30.395,1441
30.411,1442
30.423,1430
30.44,1441
30.456,1436
30.468,1437
30.485,1423
30.497,1427
30.513,1427
30.53,1426
30.542,1444
30.559,1436
30.571,1444
30.587,1438
30.599,1437
30.616,1428
30.632,1424
30.644,1417
30.661,1442
30.673,1448
30.69,1424
30.706,1432
30.718,1428
30.735,1417
30.747,1423
30.763,1438
30.776,1436
30.792,1436
30.808,1439
30.821,1438
30.837,1435
30.849,1439
30.866,1442
30.882,1423
30.894,1421
30.911,1433
30.923,1432
30.939,1441
30.956,1424
30.968,1431
30.984,1419
30.997,1416
31.013,1433
31.025,1420
31.042,1434
31.058,1434
31.07,1414
31.087,1427
31.099,1420
31.115,1408
31.132,1414
31.144,1422
31.161,1444
31.173,1423
31.189,1436
31.202,1441
31.218,1447
31.234,1439
31.247,1402
31.263,1447
31.275,1434
31.292,1430
31.308,1413
31.32,1419
31.337,1413
31.349,1430
31.365,1413
31.378,1437
31.394,1440
31.411,1445
31.423,1438
31.439,1443
31.451,1428
31.468,1442
31.484,1413
31.496,1429
31.513,1413
31.525,1439
31.541,1452
31.554,1425
31.57,1426
31.587,1426
31.599,1416
31.615,1430
31.627,1412
31.644,1427
31.66,1440
31.673,1429
31.689,1429
31.701,1429
31.718,1434
31.73,1421
31.746,1425
31.763,1422
31.775,1438
31.791,1432
31.804,1432
31.82,1421
31.836,1422
31.849,1429
31.865,1418
31.877,1417
31.894,1427
31.91,1446
31.922,1437
31.939,1434
31.951,1420
31.967,1420
31.98,1428
31.996,1444
32.012,1436
32.025,1446
32.041,1433
32.053,1422
32.07,1434
32.086,1427
32.098,1428
32.115,1429
32.127,1433
32.144,1431
32.156,1433
32.172,1433
32.189,1427
32.201,1429
32.217,1420
32.23,1423
32.246,1426
32.262,1428
32.275,1434
32.291,1437
32.303,1423
32.32,1435
32.332,1426
32.348,1418
32.365,1425
32.377,1434
32.393,1441
32.406,1434
32.422,1432
32.439,1443
32.451,1408
32.467,1434
32.479,1427
32.496,1422
32.508,1435
32.524,1422
32.541,1434
32.553,1435
32.57,1422
32.582,1436
32.598,1414
32.615,1433
32.627,1424
32.643,1435
32.656,1414
32.672,1423
32.684,1441
32.701,1437
32.717,1440
32.729,1439
32.746,1420
32.758,1431
32.774,1430
32.791,1426
32.803,1426
32.819,1428
32.832,1421
32.848,1438
32.864,1431
32.877,1436
32.893,1448
32.905,1430
32.922,1426
32.934,1428
32.95,1407
32.967,1427
32.979,1431
32.995,1415
33.008,1450
33.024,1428
33.041,1419
33.053,1436
33.069,1421
33.082,1421
33.098,1418
33.11,1424
33.127,1444
33.143,1439
33.155,1421
33.172,1448
33.184,1435
33.2,1418
33.217,1432
33.229,1432
33.245,1429
33.258,1423
33.274,1424
33.286,1435
33.303,1437
33.319,1414
33.331,1430
33.348,1430
33.36,1429
33.376,1430
33.393,1435
33.405,1433
33.422,1422
33.434,1428
33.45,1424
33.462,1426
33.479,1425
33.495,1448
33.507,1439
33.524,1440
33.536,1436
33.553,1424
33.569,1434
33.581,1424
33.598,1422
33.61,1432
33.626,1458
33.643,1436
33.655,1428
33.671,1437
33.684,1424
33.7,1416
33.712,1429
33.729,1417
33.745,1436
33.757,1439
33.774,1419
33.786,1432
33.802,1434
33.819,1429
33.831,1423
33.847,1427
33.86,1432
33.876,1433
33.888,1442
33.905,1430
33.921,1436
33.933,1437
33.95,1425
33.962,1416
33.978,1435
33.995,1444
34.007,1427
34.024,1430
34.036,1429
34.052,1433
34.064,1424
34.081,1414
34.097,1422
34.11,1424
34.126,1422
34.138,1437
34.155,1440
34.171,1438
34.183,1424
34.2,1424
34.212,1424
34.228,1430
34.245,1441
34.257,1447
34.273,1434
34.286,1437
34.302,1426
34.314,1433
34.331,1418
34.347,1420
34.359,1435
34.376,1437
34.388,1437
34.404,1434
34.421,1435
34.433,1428
34.449,1425
34.462,1409
34.478,1435
34.49,1445
34.507,1441
34.523,1442
34.535,1440
34.552,1428
34.564,1420
34.58,1410
34.597,1431
34.609,1441
34.626,1450
34.638,1448
34.654,1425
34.667,1424
34.683,1427
34.699,1418
34.712,1440
34.728,1438
34.74,1438
34.757,1434
34.773,1438
34.785,1432
34.802,1425
34.814,1436
34.83,1427
34.847,1434
34.859,1435
34.876,1433
34.888,1425
34.904,1442
34.916,1444
34.933,1445
34.949,1420
34.962,1425
34.978,1454
34.99,1447
35.007,1433
35.023,1443
35.035,1436
35.052,1433
35.064,1426
35.08,1426
35.097,1444
35.109,1455
35.125,1442
35.138,1431
35.154,1446
35.166,1443
35.183,1436
35.199,1409
35.211,1433
35.228,1440
35.24,1442
35.256,1440
35.273,1446
35.285,1439
35.301,1428
35.314,1427
35.33,1409
35.347,1446
35.359,1435
35.375,1438
35.387,1435
35.404,1437
35.416,1434
35.433,1431
35.449,1415
35.461,1440
35.478,1432
35.49,1431
35.506,1436
35.523,1442
35.535,1426
35.551,1437
35.564,1426
35.58,1445
35.596,1444
35.609,1445
35.625,1425
35.637,1428
35.654,1419
35.666,1426
35.682,1437
35.699,1440
35.711,1412
35.727,1444
35.74,1439
35.756,1428
35.772,1436
35.785,1421
35.801,1419
35.813,1432
35.83,1433
35.842,1417
35.858,1434
35.875,1423
35.887,1429
35.903,1415
35.916,1436
35.932,1432
35.949,1437
35.961,1440
35.977,1441
35.989,1438
36.006,1430
36.018,1431
36.035,1448
36.051,1438
36.063,1416
36.08,1426
36.092,1440
36.108,1434
36.125,1432
36.137,1420
36.153,1423
36.166,1428
36.182,1415
36.194,1421
36.211,1435
36.227,1430
36.239,1429
36.256,1424
36.268,1429
36.284,1425
36.301,1422
36.313,1429
36.329,1435
36.342,1426
36.358,1429
36.375,1426
36.387,1425
36.403,1447
36.415,1432
36.432,1430
36.444,1426
36.46,1423
36.477,1438
36.489,1427
36.506,1424
36.518,1427
36.534,1438
36.551,1422
36.563,1425
36.579,1432
36.592,1438
36.608,1433
36.62,1434
36.637,1436
36.653,1441
36.665,1434
36.682,1415
36.694,1435
36.71,1424
36.727,1436
36.739,1437
36.755,1420
36.768,1435
36.784,1429
36.796,1424
36.813,1410
36.829,1438
36.841,1425
36.858,1438
36.87,1439
36.887,1432
36.903,1425
36.915,1425
36.932,1433
36.944,1431
36.96,1436
36.977,1438
36.989,1424
37.005,1429
37.018,1421
37.034,1431
37.046,1416
37.063,1434
37.079,1442
37.091,1434
37.108,1432
37.12,1424
37.136,1439
37.153,1411
37.165,1425
37.181,1431
37.194,1436
37.21,1434
37.222,1432
37.239,1440
37.255,1438
37.267,1413
37.284,1439
37.296,1430
37.312,1420
37.329,1436
37.341,1436
37.358,1436
37.37,1435
37.386,1435
37.398,1431
37.415,1420
37.431,1438
37.443,1423
37.46,1440
37.472,1443
37.489,1415
37.505,1437
37.517,1439
37.534,1426
37.546,1426
37.562,1431
37.579,1438
37.591,1435
37.607,1426
37.62,1434
37.636,1439
37.648,1424
37.665,1415
37.681,1407
37.693,1443
37.71,1425
37.722,1425
37.738,1433
37.755,1430
37.767,1428
37.783,1431
37.796,1436
37.812,1422
37.824,1433
37.841,1435
37.857,1448
37.869,1439
37.886,1429
37.898,1418
37.914,1427
37.931,1439
37.943,1426
37.96,1444
37.972,1433
37.988,1434
38.0,1437
38.017,1440
38.033,1430
38.046,1427
38.062,1435
38.074,1455
38.091,1435
38.107,1446
38.119,1431
38.136,1436
38.148,1420
38.164,1432
38.181,1427
38.193,1441
38.209,1436
38.222,1434
38.238,1435
38.25,1426
38.267,1416
38.283,1414
38.295,1427
38.312,1437
38.324,1436
38.34,1445
38.357,1440
38.369,1427
38.386,1425
38.398,1433
38.414,1425
38.426,1423
38.443,1432
38.459,1441
38.471,1434
38.488,1440
38.5,1436
38.517,1430
38.533,1416
38.545,1425
38.562,1433
38.574,1431
38.59,1436
38.607,1438
38.619,1427
38.635,1441
38.648,1434
38.664,1428
38.676,1419
38.693,1441
38.709,1436
38.721,1432
38.738,1425
38.75,1441
38.766,1421
38.783,1412
38.795,1425
38.812,1436
38.824,1447
38.84,1450
38.852,1431
38.869,1420
38.885,1440
38.897,1432
38.914,1442
38.926,1429
38.943,1434
38.959,1437
38.971,1445
38.988,1428
39.0,1437
39.016,1419
39.033,1420
39.045,1435
39.061,1425
39.074,1426
39.09,1434
39.102,1422
39.119,1437
39.135,1441
39.147,1443
39.164,1407
39.176,1442
39.192,1444
39.209,1443
39.221,1432
39.237,1432
39.25,1423
39.266,1424
39.278,1422
39.295,1426
39.311,1436
39.323,1437
39.34,1435
39.352,1420
39.369,1432
39.385,1428
39.397,1427
39.414,1430
39.426,1428
39.442,1447
39.459,1437
39.471,1436
39.487,1439
39.5,1431
39.516,1432
39.528,1426
39.545,1427
39.561,1435
39.573,1443
39.59,1430
39.602,1435
39.618,1435
39.635,1424
39.647,1413
39.663,1439
39.676,1428
39.692,1443
39.704,1427
39.721,1408
39.737,1429
39.749,1424
39.766,1427
39.778,1421
39.794,1431
39.811,1436
39.823,1429
39.84,1430
39.852,1435
39.868,1422
39.881,1439
39.897,1421
39.913,1417
39.925,1436
39.942,1442
39.954,1425
39.971,1437
39.987,1437
39.999,1424
40.016,1428
40.028,1422
40.044,1437
40.061,1442
40.073,1438
40.089,1429
40.102,1428
40.118,1427
40.13,1429
40.147,1430
40.163,1424
40.175,1445
40.192,1432
40.204,1434
40.22,1441
40.237,1428
40.249,1429
40.265,1422
40.278,1442
40.294,1440
40.306,1435
40.323,1430
40.339,1434
40.351,1437
40.368,1419
40.38,1419
40.397,1419
40.413,1429
40.425,1451
40.442,1442
40.454,1425
40.47,1427
40.487,1445
40.499,1431
40.515,1419
40.528,1428
40.544,1429
40.556,1445
40.573,1437
40.589,1429
40.601,1446
40.618,1436
40.63,1433
40.646,1434
40.663,1428
40.675,1438
40.692,1438
40.704,1422
40.72,1420
40.732,1430
40.749,1429
40.765,1405
40.777,1419
40.794,1439
40.806,1440
40.823,1427
40.839,1444
40.851,1432
40.868,1440
40.88,1424
40.896,1425
40.909,1429
40.925,1424
40.941,1429
40.954,1430
40.97,1425
40.982,1427
40.999,1425
41.015,1423
41.027,1430
41.044,1436
41.056,1433
41.072,1423
41.085,1418
41.101,1435
41.117,1433
41.13,1440
41.146,1422
41.158,1428
41.175,1448
41.191,1429
41.203,1436
41.22,1425
41.232,1441
41.248,1424
41.265,1427
41.277,1434
41.294,1431
41.306,1437
41.322,1440
41.334,1436
41.351,1441
41.367,1436
41.38,1415
41.396,1433
41.408,1422
41.425,1435
41.441,1436
41.453,1442
41.47,1433
41.482,1432
41.498,1430
41.51,1427
41.527,1436
41.543,1443
41.556,1445
41.572,1433
41.584,1426
41.601,1436
41.617,1424
41.629,1407
41.646,1423
41.658,1441
41.674,1448
41.691,1422
41.703,1434
41.72,1431
41.732,1455
41.748,1426
41.764,1421
41.777,1431
41.793,1438
41.805,1427
41.822,1434
41.834,1439
41.851,1418
41.867,1422
41.879,1416
41.896,1426
41.908,1434
41.924,1437
41.937,1434
41.953,1437
41.969,1431
41.982,1439
41.998,1436
42.01,1425
42.027,1418
42.043,1446
42.055,1441
42.072,1434
42.084,1432
42.1,1448
42.117,1420
42.129,1438
42.145,1435
42.158,1442
42.174,1450
42.186,1444
42.203,1436
42.219,1440
42.231,1452
42.248,1419
42.26,1435
42.276,1427
42.293,1438
42.305,1408
42.322,1429
42.334,1434
42.35,1435
42.362,1428
42.379,1418
42.395,1427
42.408,1430
42.424,1440
42.436,1434
42.453,1427
42.469,1432
42.481,1412
42.498,1436
42.51,1421
42.526,1435
42.543,1434
42.555,1433
42.571,1443
42.584,1439
42.6,1423
42.612,1419
42.629,1424
42.645,1438
42.657,1461
42.674,1444
42.686,1440
42.702,1434
42.719,1439
42.731,1432
42.747,1430
42.76,1429
42.776,1433
42.793,1447
42.805,1442
42.821,1438
42.834,1430
42.85,1414
42.862,1412
42.878,1414
42.895,1429
42.907,1440
42.924,1439
42.936,1422
42.952,1417
42.969,1428
42.981,1422
42.997,1416
43.01,1428
43.026,1449
43.038,1444
43.055,1441
43.071,1441
43.083,1449
43.1,1435
43.112,1426
43.128,1425
43.145,1440
43.157,1440
43.174,1440
43.186,1424
43.202,1432
43.214,1431
43.231,1419
43.247,1431
43.263,1427
43.276,1439
43.288,1440
43.305,1439
43.321,1420
43.333,1434
43.35,1436
43.362,1432
43.378,1436
43.395,1432
43.407,1437
43.423,1439
43.436,1419
43.452,1427
43.464,1419
43.481,1419
43.497,1420
43.509,1431
43.526,1427
43.538,1440
43.554,1437
43.571,1427
43.583,1431
43.599,1423
43.612,1433
43.628,1437
43.64,1441
43.657,1437
43.673,1437
43.685,1435
43.702,1432
43.714,1453
43.731,1436
43.747,1426
43.759,1442
43.776,1438
43.788,1437
43.804,1426
43.821,1425
43.833,1424
43.849,1435
43.862,1434
43.878,1432
43.89,1434
43.907,1442
43.923,1416
43.935,1430
43.952,1428
43.964,1415
43.98,1416
43.997,1412
44.009,1432
44.025,1433
44.038,1438
44.054,1432
44.066,1436
44.083,1431
44.099,1436
44.111,1421
44.128,1435
44.14,1430
44.156,1440
44.173,1454
44.185,1440
44.202,1451
44.214,1426
44.23,1413
44.247,1425
44.259,1433
44.275,1458
44.288,1437
44.304,1436
44.316,1445
44.333,1428
44.349,1427
44.361,1419
44.378,1451
44.39,1439
44.406,1436
44.423,1430
44.435,1446
44.451,1436
44.464,1431
44.48,1429
44.496,1439
44.509,1441
44.525,1434
44.537,1442
44.554,1427
44.566,1441
44.582,1437
44.599,1417
44.611,1438
44.628,1430
44.64,1439
44.656,1442
44.673,1429
44.685,1435
44.701,1442
44.714,1414
44.73,1426
44.746,1437
44.758,1448
44.775,1461
44.787,1435
44.804,1432
44.816,1435
44.832,1434
44.849,1433
44.861,1431
44.877,1440
44.89,1456
44.906,1450
44.922,1438
44.935,1434
44.951,1424
44.963,1422
44.98,1429
44.992,1433
45.008,1440
45.025,1439
45.037,1434
45.053,1429
45.066,1433
45.082,1427
45.099,1426
45.111,1443
45.127,1441
45.139,1452
45.156,1437
45.172,1435
45.185,1424
45.201,1427
45.213,1418
45.23,1434
45.242,1432
45.258,1441
45.275,1435
45.287,1430
45.303,1435
45.316,1443
45.332,1425
45.348,1412
45.361,1433
45.377,1433
45.389,1449
45.406,1436
45.422,1432
45.434,1436
45.451,1430
45.463,1433
45.479,1423
45.492,1438
45.508,1440
45.525,1441
45.537,1426
45.553,1440
45.565,1424
45.582,1432
45.598,1413
45.61,1436
45.627,1438
45.639,1431
45.656,1429
45.668,1429
45.684,1439
45.701,1430
45.713,1419
45.729,1444
45.742,1443
45.758,1445
45.774,1438
45.787,1446
45.803,1437
45.815,1422
45.832,1430
45.848,1416
45.86,1436
45.877,1452
45.889,1443
45.905,1448
45.918,1434
45.934,1417
45.95,1433
45.963,1420
45.979,1431
45.991,1436
46.008,1426
46.024,1437
46.036,1443
46.053,1433
46.065,1436
46.082,1432
46.094,1435
46.11,1444
46.127,1439
46.139,1436
46.155,1429
46.168,1428
46.184,1439
46.2,1429
46.213,1426
46.229,1438
46.241,1434
46.258,1445
46.274,1441
46.286,1433
46.303,1433
46.315,1434
46.331,1418
46.344,1428
46.36,1445
46.376,1428
46.389,1436
46.405,1439
46.417,1430
46.434,1430
46.45,1437
46.462,1415
46.479,1426
46.491,1449
46.507,1446
46.524,1445
46.536,1433
46.553,1427
46.565,1425
46.581,1419
46.593,1432
46.61,1427
46.626,1436
46.639,1438
46.655,1431
46.667,1427
46.684,1428
46.7,1411
46.712,1426
46.729,1432
46.741,1438
46.757,1427
46.769,1446
46.786,1439
46.802,1442
46.815,1429
46.831,1425
46.843,1435
46.86,1419
46.876,1448
46.888,1440
46.905,1437
46.917,1425
46.933,1437
46.95,1431
46.962,1423
46.978,1438
46.991,1436
47.007,1455
47.019,1426
47.036,1451
47.052,1436
47.064,1426
47.081,1431
47.093,1421
47.109,1439
47.126,1433
47.138,1434
47.155,1440
47.167,1429
47.183,1426
47.195,1417
47.212,1424
47.228,1429
47.241,1443
47.257,1440
47.269,1435
47.286,1449
47.302,1440
47.314,1424
47.331,1421
47.343,1427
47.359,1443
47.376,1444
47.388,1441
47.404,1436
47.417,1435
47.433,1439
47.445,1424
47.462,1435
47.478,1427
47.49,1435
47.507,1442
47.519,1438
47.536,1423
47.552,1436
47.564,1435
47.581,1417
47.593,1423
47.609,1443
47.626,1447
47.638,1436
47.654,1452
47.667,1446
47.683,1432
47.695,1434
47.711,1427
47.728,1428
47.742,1433
47.757,1428
47.769,1427
47.785,1438
47.802,1438
47.814,1435
47.83,1430
47.843,1436
47.859,1436
47.871,1440
47.888,1417
47.904,1432
47.916,1440
47.933,1427
47.945,1432
47.961,1437
47.978,1438
47.99,1446
48.007,1436
48.019,1435
48.035,1433
48.052,1436
48.064,1441
48.08,1431
48.093,1441
48.109,1441
48.121,1428
48.138,1428
48.154,1446
48.166,1417
48.183,1445
48.195,1412
48.211,1428
48.228,1432
48.24,1450
48.256,1428
48.269,1432
48.285,1441
48.301,1415
48.314,1426
48.33,1432
48.342,1424
48.359,1444
48.371,1458
48.387,1423
48.404,1435
48.416,1428
48.432,1426
48.445,1438
48.461,1438
48.478,1439
48.49,1433
48.506,1428
48.519,1431
48.535,1437
48.547,1441
48.564,1440
48.58,1437
48.592,1438
48.609,1458
48.621,1445
48.637,1432
48.654,1418
48.666,1423
48.682,1424
48.695,1424
48.711,1431
48.727,1450
48.74,1436
48.756,1440
48.768,1425
48.785,1433
48.797,1436
48.813,1418
48.83,1421
48.842,1432
48.858,1431
48.871,1432
48.887,1430
48.903,1429
48.916,1429
48.932,1426
48.944,1427
48.961,1438
48.973,1441
48.99,1430
49.006,1435
49.018,1433
49.034,1440
49.047,1431
49.063,1414
49.08,1433
49.092,1428
49.108,1431
49.121,1437
49.137,1440
49.153,1444
49.166,1435
49.182,1425
49.194,1426
49.211,1425
49.223,1436
49.239,1447
49.256,1440
49.268,1422
49.284,1432
49.297,1431
49.313,1428
49.329,1433
49.342,1424
49.358,1444
49.37,1431
49.387,1439
49.403,1433
49.415,1431
49.432,1407
49.444,1420
49.46,1422
49.473,1444
49.489,1435
49.506,1439
49.518,1427
49.534,1434
49.547,1427
49.563,1415
49.579,1438
49.591,1438
49.608,1442
49.62,1446
49.637,1449
49.649,1423
49.665,1429
49.682,1416
49.694,1416
49.71,1438
49.723,1445
49.739,1429
49.755,1432
49.768,1430
49.784,1450
49.796,1421
49.813,1425
49.825,1440
49.841,1450
49.858,1446
49.87,1429
49.886,1442
49.899,1438
49.915,1427
49.931,1431
49.944,1430
49.96,1440
49.972,1432
49.989,1433
50.005,1419
50.017,1432
50.034,1441
50.046,1424
50.063,1436
50.075,1443
50.091,1445
50.108,1436
50.12,1423
50.136,1435
50.149,1432
50.165,1440
50.181,1412
50.194,1432
50.21,1448
50.222,1441
50.239,1441
50.255,1437
50.267,1449
50.284,1440
50.296,1437
50.312,1441
50.325,1432
50.341,1437
50.358,1433
50.37,1443
50.386,1436
50.398,1434
50.415,1433
50.431,1434
50.443,1431
50.46,1441
50.472,1449
50.489,1444
50.505,1434
50.517,1437
50.534,1435
50.546,1424
50.562,1442
50.574,1439
50.591,1434
50.607,1439
50.62,1442
50.636,1436
50.648,1450
50.665,1422
50.681,1430
50.693,1440
50.71,1433
50.722,1439
50.738,1446
50.755,1451
50.767,1441
50.783,1426
50.796,1431
50.812,1436
50.824,1434
50.841,1442
50.857,1441
50.869,1427
50.886,1444
50.898,1450
50.914,1438
50.931,1415
50.943,1435
50.96,1432
50.972,1436
50.988,1434
51.005,1439
51.017,1447
51.033,1441
51.046,1448
51.062,1438
51.074,1448
51.091,1443
51.107,1451
51.119,1435
51.136,1436
51.148,1434
51.164,1420
51.181,1430
51.193,1431
51.209,1436
51.222,1453
51.238,1450
51.255,1438
51.267,1441
51.283,1425
51.295,1425
51.312,1423
51.324,1429
51.34,1436
51.357,1441
51.369,1429
51.386,1444
51.398,1427
51.414,1440
51.431,1420
51.443,1437
51.459,1442
51.471,1438
51.488,1440
51.504,1438
51.516,1423
51.533,1432
51.545,1436
51.562,1438
51.574,1442
51.59,1454
51.607,1435
51.619,1429
51.635,1440
51.648,1438
51.664,1423
51.681,1420
51.693,1437
51.709,1421
51.721,1434
51.738,1454
51.754,1440
51.766,1440
51.783,1411
51.795,1423
51.811,1434
51.824,1431
51.84,1437
51.857,1433
51.869,1426
51.885,1433
51.897,1446
51.914,1424
51.93,1428
51.942,1439
51.959,1448
51.971,1445
51.988,1438
52.004,1439
52.016,1422
52.033,1438
52.045,1433
52.061,1425
52.074,1432
52.09,1435
52.106,1443
52.119,1443
52.135,1438
52.147,1434
52.164,1429
52.18,1426
52.192,1424
52.209,1442
52.221,1438
52.238,1433
52.25,1434
52.266,1428
52.282,1439
52.295,1415
52.311,1428
52.323,1445
52.34,1442
52.356,1427
52.369,1423
52.385,1438
52.397,1434
52.414,1420
52.43,1434
52.442,1434
52.459,1445
52.471,1454
52.487,1429
52.499,1435
52.516,1433
52.532,1422
52.545,1415
52.561,1433
52.573,1438
52.59,1433
52.606,1429
52.618,1434
52.635,1443
52.647,1434
52.663,1429
52.676,1419
52.692,1436
52.709,1446
52.721,1438
52.737,1438
52.749,1444
52.766,1436
52.782,1445
52.794,1423
52.811,1438
52.823,1437
52.839,1440
52.856,1429
52.868,1443
52.885,1436
52.897,1438
52.913,1424
52.925,1449
52.942,1439
52.958,1441
52.97,1450
52.987,1439
52.999,1431
53.016,1447
53.032,1431
53.044,1421
53.061,1433
53.073,1446
53.089,1453
53.106,1435
53.118,1447
53.134,1429
53.147,1439
53.163,1433
53.18,1428
53.192,1434
53.208,1447
53.22,1446
53.237,1449
53.249,1439
53.265,1418
53.282,1436
53.294,1433
53.312,1435
53.323,1443
53.339,1430
53.356,1428
53.368,1426
53.384,1435
53.397,1425
53.413,1437
53.425,1421
53.442,1447
53.458,1447
53.47,1446
53.487,1438
53.499,1448
53.515,1442
53.532,1444
53.544,1466
53.56,1448
53.573,1440
53.589,1455
53.606,1437
53.618,1442
53.634,1423
53.646,1426
53.663,1434
53.679,1409
53.691,1457
53.708,1451
53.72,1449
53.736,1450
53.753,1456
53.765,1429
53.782,1433
53.794,1439
53.81,1453
53.822,1444
53.839,1433
53.855,1457
53.868,1440
53.884,1440
53.896,1451
53.913,1432
53.929,1430
53.941,1434
53.958,1439
53.97,1441
53.986,1429
54.003,1420
54.015,1429
54.031,1427
54.044,1412
54.06,1430
54.072,1431
54.089,1437
54.105,1440
54.117,1432
54.134,1427
54.146,1433
54.162,1420
54.179,1429
54.191,1443
54.208,1430
54.22,1442
54.236,1430
54.248,1429
54.265,1451
54.281,1431
54.293,1440
54.31,1451
54.322,1430
54.339,1441
54.355,1434
54.367,1438
54.384,1440
54.396,1440
54.412,1443
54.429,1438
54.441,1446
54.457,1447
54.47,1442
54.486,1445
54.502,1452
54.515,1420
54.531,1432
54.543,1449
54.56,1444
54.572,1446
54.588,1448
54.605,1425
54.617,1434
54.633,1437
54.646,1446
54.662,1439
54.678,1434
54.691,1447
54.707,1449
54.719,1428
54.736,1444
54.752,1435
54.764,1421
54.781,1434
54.793,1425
54.81,1436
54.822,1454
54.838,1443
54.855,1446
54.867,1430
54.883,1445
54.896,1423
54.912,1433
54.928,1442
54.941,1440
54.957,1440
54.969,1443
54.986,1427
55.002,1434
55.014,1418
55.031,1423
55.043,1425
55.059,1451
55.072,1437
55.088,1430
55.104,1439
55.117,1435
55.133,1433
55.145,1406
55.162,1430
55.178,1424
55.19,1439
55.207,1451
55.219,1423
55.235,1435
55.248,1428
55.264,1442
55.281,1435
55.293,1432
55.309,1448
55.321,1438
55.338,1439
55.354,1431
55.367,1429
55.383,1429
55.395,1427
55.412,1426
55.428,1445
55.44,1462
55.457,1443
55.469,1441
55.485,1435
55.498,1425
55.514,1436
55.53,1436
55.543,1433
55.559,1441
55.571,1429
55.588,1441
55.604,1428
55.616,1438
55.633,1423
55.645,1425
55.661,1424
55.678,1429
55.69,1440
55.707,1442
55.719,1440
55.735,1447
55.747,1427
55.764,1428
55.78,1432
55.792,1423
55.809,1444
55.821,1443
55.838,1442
55.854,1440
55.866,1430
55.883,1430
55.895,1424
55.911,1432
55.928,1441
55.94,1445
55.956,1436
55.969,1425
55.985,1431
55.997,1443
56.014,1430
56.03,1440
56.042,1447
56.059,1442
56.071,1447
56.087,1434
56.104,1432
56.116,1423
56.132,1428
56.145,1432
56.161,1433
56.178,1430
56.19,1442
56.206,1433
56.218,1431
56.235,1448
56.247,1435
56.264,1421
56.28,1417
56.292,1438
56.309,1434
56.321,1431
56.337,1423
56.354,1445
56.366,1426
56.382,1437
56.395,1432
56.411,1429
56.423,1442
56.44,1462
56.456,1448
56.468,1443
56.485,1442
56.497,1434
56.513,1416
56.53,1426
56.542,1443
56.558,1442
56.571,1457
56.587,1432
56.604,1428
56.616,1427
56.632,1426
56.644,1424
56.661,1426
56.673,1443
56.689,1441
56.706,1441
56.718,1429
56.734,1440
56.747,1433
56.763,1432
56.78,1436
56.792,1437
56.808,1455
56.821,1428
56.837,1443
56.853,1442
56.866,1442
56.882,1431
56.894,1431
56.911,1437
56.923,1446
56.939,1429
56.956,1437
56.968,1427
56.984,1445
56.997,1426
57.013,1442
57.029,1435
57.042,1430
57.058,1446
57.07,1442
57.087,1433
57.103,1436
57.115,1427
57.132,1425
57.144,1423
57.16,1434
57.173,1462
57.189,1444
57.206,1448
57.218,1451
57.234,1428
57.247,1426
57.263,1419
57.279,1442
57.292,1454
57.308,1461
57.32,1428
57.337,1436
57.353,1421
57.365,1444
57.382,1431
57.394,1431
57.41,1436
57.423,1451
57.439,1451
57.456,1424
57.468,1440
57.484,1432
57.496,1428
57.513,1427
57.529,1422
57.541,1440
57.558,1451
57.57,1449
57.586,1436
57.603,1432
57.615,1453
57.632,1448
57.644,1419
57.66,1454
57.677,1441
57.689,1446
57.705,1423
57.718,1432
57.734,1439
57.746,1418
57.763,1424
57.779,1427
57.791,1435
57.808,1439
57.82,1436
57.836,1429
57.853,1432
57.865,1440
57.881,1415
57.894,1436
57.91,1439
57.922,1450
57.939,1442
57.955,1429
57.967,1434
57.984,1446
57.996,1446
58.012,1435
58.029,1434
58.041,1436
58.058,1427
58.07,1422
58.086,1425
58.103,1436
58.115,1424
58.131,1425
58.143,1428
58.16,1428
58.172,1440
58.189,1450
58.205,1435
58.217,1448
58.234,1428
58.246,1420
58.262,1429
58.279,1430
58.291,1452
58.307,1429
58.32,1420
58.336,1440
58.348,1418
58.365,1408
58.381,1402
58.393,1421
58.41,1431
58.422,1444
58.438,1446
58.455,1441
58.467,1429
58.483,1445
58.496,1440
58.512,1432
58.528,1438
58.541,1430
58.557,1440
58.569,1438
58.586,1434
58.598,1432
58.614,1432
58.631,1425
58.643,1422
58.66,1425
58.672,1438
58.688,1429
58.705,1424
58.717,1420
58.733,1437
58.746,1426
58.762,1426
58.774,1428
58.791,1443
58.807,1431
58.819,1433
58.836,1431
58.848,1428
58.864,1425
58.881,1437
58.893,1424
58.909,1443
58.922,1446
58.938,1431
58.954,1437
58.967,1432
58.983,1428
58.995,1420
59.012,1408
59.024,1438
59.04,1444
59.057,1443
59.069,1446
59.085,1432
59.098,1453
59.114,1433
59.131,1421
59.143,1441
59.159,1442
59.172,1443
59.188,1443
59.204,1442
59.217,1431
59.233,1436
59.245,1433
59.262,1434
59.274,1432
59.29,1447
59.307,1442
59.319,1433
59.335,1433
59.348,1433
59.364,1434
59.38,1411
59.393,1434
59.409,1446
59.421,1457
59.438,1427
59.45,1443
59.466,1426
59.483,1413
59.495,1445
59.511,1415
59.524,1430
59.54,1435
59.557,1445
59.569,1436
59.585,1434
59.598,1434
59.614,1425
59.63,1428
59.642,1426
59.659,1440
59.671,1440
59.688,1445
59.701,1439
59.716,1446
59.733,1418
59.745,1431
59.761,1458
59.774,1457
59.79,1425
59.806,1450
59.819,1429
59.835,1445
59.847,1434
59.864,1428
59.88,1428
59.892,1428
59.909,1449
59.921,1446
59.938,1447
59.95,1432
59.966,1451
59.982,1423
59.995,1429
60.011,1438
60.023,1432
60.04,1446
60.056,1443
60.069,1435
60.085,1441
60.097,1438
60.114,1449
60.13,1445
60.142,1430
60.159,1436
60.171,1441
60.187,1445
60.2,1430
60.216,1430
60.232,1426
60.245,1423
60.261,1438
60.273,1449
60.29,1444
60.306,1425
60.318,1426
60.335,1441
60.347,1430
60.363,1431
60.38,1422
60.392,1432
60.409,1446
60.421,1449
60.437,1433
60.449,1446
60.466,1453
60.482,1437
60.494,1415
60.511,1428
60.523,1450
60.54,1441
60.556,1435
60.568,1426
60.585,1430
60.597,1410
60.613,1412
60.63,1441
60.642,1423
60.658,1447
60.671,1455
60.687,1432
60.699,1454
60.716,1443
60.732,1448
60.744,1420
60.761,1443
60.773,1458
60.789,1433
60.806,1444
60.818,1437
60.834,1434
60.847,1439
60.863,1431
60.879,1425
60.892,1439
60.908,1440
60.92,1448
60.937,1443
60.949,1429
60.965,1435
60.982,1434
60.994,1439
61.011,1444
61.023,1455
61.039,1437
61.056,1441
61.068,1439
61.084,1438
61.097,1433
61.113,1416
61.129,1425
61.142,1437
61.158,1454
61.17,1444
61.187,1430
61.201,1430
61.215,1438
61.232,1430
61.244,1407
61.26,1425
61.273,1448
61.289,1430
61.306,1431
61.318,1442
61.334,1422
61.346,1429
61.363,1405
61.379,1461
61.391,1437
61.408,1448
61.42,1439
61.437,1435
61.449,1420
61.465,1437
61.482,1441
61.494,1437
61.51,1458
61.523,1446
61.539,1457
61.555,1432
61.568,1438
61.584,1439
61.596,1435
61.613,1426
61.629,1462
61.641,1433
61.658,1443
61.67,1444
61.686,1433
61.699,1440
61.715,1437
61.731,1420
61.744,1433
61.76,1445
61.772,1443
61.789,1446
61.805,1448
61.817,1435
61.834,1446
61.846,1428
61.862,1427
61.879,1432
61.891,1444
61.908,1436
61.92,1441
61.936,1415
61.948,1435
61.965,1431
61.981,1428
61.993,1435
62.01,1455
62.022,1444
62.039,1447
62.055,1442
62.067,1440
62.084,1446
62.096,1435
62.112,1427
62.129,1451
62.141,1443
62.157,1447
62.17,1446
62.186,1442
62.202,1451
62.215,1428
62.231,1431
62.243,1435
62.26,1442
62.272,1444
62.288,1454
62.305,1449
62.317,1439
62.333,1434
62.346,1433
62.362,1422
62.378,1441
62.391,1447
62.407,1450
62.42,1437
62.436,1451
62.452,1441
62.464,1427
62.481,1441
62.493,1435
62.51,1436
62.526,1457
62.538,1437
62.555,1435
62.567,1435
62.583,1445
62.596,1433
62.612,1433
62.628,1444
62.641,1448
62.657,1450
62.669,1428
62.686,1434
62.702,1444
62.714,1432
62.731,1440
62.743,1445
62.759,1456
62.776,1452
62.788,1445
62.805,1450
62.817,1439
62.833,1418
62.845,1439
62.862,1426
62.878,1429
62.891,1453
62.907,1448
62.919,1433
62.936,1427
62.952,1447
62.964,1426
62.981,1430
62.993,1432
63.009,1442
63.026,1435
63.038,1457
63.054,1441
63.067,1438
63.083,1436
63.095,1435
63.112,1428
63.128,1443
63.14,1450
63.157,1439
63.169,1439
63.185,1436
63.202,1441
63.214,1436
63.23,1438
63.243,1439
63.259,1436
63.276,1448
63.288,1443
63.304,1454
63.316,1444
63.333,1440
63.349,1441
63.362,1437
63.378,1437
63.39,1447
63.407,1451
63.419,1434
63.435,1430
63.452,1434
63.464,1428
63.48,1435
63.493,1431
63.509,1427
63.525,1447
63.538,1442
63.554,1446
63.566,1433
63.583,1438
63.599,1435
63.611,1419
63.628,1446
63.64,1453
63.656,1449
63.669,1432
63.685,1439
63.701,1435
63.714,1441
63.73,1434
63.742,1425
63.759,1449
63.775,1440
63.787,1438
63.804,1431
63.816,1417
63.832,1437
63.849,1451
63.861,1438
63.878,1437
63.89,1446
63.906,1441
63.918,1436
63.935,1434
63.951,1430
63.964,1429
63.98,1440
63.992,1434
64.009,1446
64.025,1456
64.037,1419
64.054,1428
64.066,1428
64.082,1426
64.099,1422
64.111,1448
64.127,1441
64.14,1440
64.156,1458
64.168,1434
64.185,1438
64.201,1440
64.213,1437
64.23,1429
64.242,1438
64.258,1440
64.275,1452
64.287,1440
64.304,1441
64.316,1438
64.332,1433
64.349,1427
64.361,1434
64.377,1450
64.39,1449
64.406,1447
64.422,1446
64.435,1434
64.451,1443
64.463,1425
64.48,1430
64.492,1426
64.508,1454
64.525,1439
64.537,1431
64.553,1432
64.566,1443
64.582,1444
64.598,1426
64.611,1432
64.627,1433
64.639,1448
64.656,1432
64.672,1452
64.684,1455
64.701,1429
64.713,1447
64.729,1439
64.742,1437
64.758,1452
64.775,1450
64.787,1447
64.803,1428
64.815,1442
64.832,1443
64.848,1433
64.86,1424
64.877,1418
64.889,1447
64.906,1445
64.922,1432
64.934,1429
64.951,1434
64.963,1436
64.979,1427
64.992,1420
65.008,1436
65.024,1431
65.037,1420
65.053,1444
65.065,1442
65.082,1428
65.098,1411
65.11,1429
65.127,1432
65.139,1434
65.155,1450
65.172,1442
65.184,1431
65.2,1425
65.213,1430
65.229,1432
65.241,1434
65.258,1441
65.274,1439
65.287,1443
65.303,1446
65.315,1429
65.332,1426
65.348,1428
65.36,1426
65.377,1453
65.389,1449
65.405,1437
65.418,1429
65.434,1442
65.45,1443
65.463,1442
65.479,1438
65.491,1433
65.508,1454
65.524,1437
65.536,1433
65.553,1436
65.565,1432
65.581,1433
65.598,1419
65.61,1432
65.626,1436
65.639,1443
65.655,1435
65.667,1431
65.684,1442
65.7,1437
65.712,1432
65.729,1428
65.741,1435
65.757,1442
65.774,1428
65.786,1437
65.803,1432
65.815,1440
65.831,1426
65.848,1427
65.86,1429
65.876,1436
65.889,1442
65.905,1454
65.921,1455
65.934,1449
65.95,1434
65.962,1422
65.979,1435
65.991,1432
66.007,1448
66.024,1444
66.036,1443
66.052,1436
66.065,1431
66.081,1429
66.097,1421
66.11,1428
66.126,1439
66.138,1454
66.155,1442
66.167,1432
66.183,1435
66.2,1425
66.212,1438
66.228,1441
66.241,1439
66.257,1431
66.274,1439
66.286,1439
66.302,1447
66.315,1439
66.331,1442
66.347,1425
66.36,1443
66.376,1459
66.388,1442
66.405,1440
66.421,1428
66.433,1427
66.45,1431
66.462,1417
66.478,1422
66.491,1439
66.507,1446
66.524,1448
66.536,1442
66.552,1436
66.564,1430
66.581,1436
66.597,1420
66.609,1436
66.626,1442
66.638,1466
66.654,1460
66.671,1428
66.683,1455
66.7,1418
66.712,1417
66.728,1438
66.741,1440
66.757,1446
66.773,1443
66.786,1435
66.802,1438
66.814,1434
66.831,1424
66.847,1430
66.859,1436
66.876,1441
66.888,1447
66.904,1435
66.921,1427
66.933,1434
66.949,1441
66.962,1433
66.978,1430
66.99,1431
67.007,1446
67.023,1438
67.035,1437
67.052,1446
67.064,1442
67.08,1425
67.097,1424
67.109,1443
67.126,1455
67.138,1441
67.154,1446
67.171,1433
67.183,1442
67.199,1437
67.212,1422
67.228,1444
67.24,1434
67.257,1445
67.273,1449
67.285,1450
67.302,1448
67.314,1432
67.33,1435
67.347,1429
67.359,1440
67.375,1454
67.388,1433
67.404,1423
67.421,1449
67.433,1436
67.449,1442
67.461,1444
67.478,1432
67.49,1447
67.506,1446
67.523,1441
67.535,1437
67.552,1437
67.564,1436
67.58,1442
67.597,1432
67.609,1426
67.625,1454
67.637,1439
67.654,1441
67.67,1442
67.683,1439
67.699,1438
67.711,1422
67.728,1435
67.744,1437
67.756,1459
67.773,1442
67.785,1444
67.801,1437
67.814,1421
67.83,1433
67.846,1450
67.859,1442
67.875,1445
67.887,1451
67.904,1454
67.92,1438
67.932,1443
67.949,1441
67.961,1427
67.977,1442
67.994,1446
68.006,1451
68.023,1434
68.035,1450
68.051,1443
68.068,1455
68.08,1441
68.096,1428
68.108,1433
68.125,1442
68.137,1450
68.154,1438
68.17,1441
68.182,1444
68.199,1436
68.211,1443
68.227,1439
68.244,1447
68.256,1458
68.272,1442
68.285,1426
68.301,1435
68.317,1438
68.33,1433
68.346,1434
68.358,1447
68.375,1457
68.391,1447
68.403,1446
68.42,1456
68.432,1449
68.448,1432
68.461,1436
68.477,1436
68.494,1437
68.506,1453
68.522,1448
68.534,1434
68.551,1451
68.567,1448
68.58,1433
68.596,1414
68.608,1457
68.625,1451
68.641,1449
68.654,1434
68.67,1424
68.682,1447
68.698,1439
68.715,1437
68.727,1432
68.743,1433
68.756,1445
68.772,1449
68.784,1449
68.801,1434
68.817,1430
68.829,1432
68.846,1427
68.858,1429
68.874,1431
68.891,1432
68.903,1441
68.919,1422
68.932,1432
68.948,1430
68.96,1434
68.977,1436
68.993,1441
69.005,1440
69.022,1440
69.034,1445
69.05,1438
69.067,1436
69.079,1420
69.096,1427
69.108,1431
69.124,1441
69.141,1442
69.153,1451
69.169,1425
69.182,1429
69.198,1425
69.21,1440
69.227,1444
69.243,1444
69.255,1435
69.272,1427
69.284,1425
69.3,1425
69.317,1435
69.329,1442
69.345,1435
69.358,1441
69.374,1443
69.391,1433
69.403,1439
69.419,1430
69.431,1433
69.448,1453
69.46,1420
69.476,1442
69.493,1466
69.505,1445
69.522,1423
69.534,1442
69.55,1435
69.567,1437
69.579,1427
69.595,1437
69.607,1436
69.624,1442
69.64,1445
69.653,1454
69.669,1439
69.681,1447
69.698,1436
69.714,1439
69.726,1438
69.743,1450
69.755,1428
69.771,1458
69.784,1435
69.8,1438
69.816,1441
69.829,1436
69.845,1439
69.857,1444
69.874,1437
69.89,1438
69.902,1433
69.919,1447
69.931,1436
69.948,1436
69.964,1440
69.976,1457
69.993,1444
70.005,1451
70.021,1445
70.033,1438
70.05,1444
70.066,1442
70.079,1423
70.095,1445
70.107,1444
70.124,1435
70.144,1445
70.152,1445
70.169,1456
70.181,1441
70.197,1437
70.214,1425
70.226,1428
70.242,1452
70.255,1448
70.271,1432
70.287,1432
70.3,1424
70.316,1433
70.328,1441
70.345,1436
70.357,1448
70.373,1446
70.39,1465
70.402,1443
70.419,1446
70.431,1441
70.447,1431
70.464,1424
70.476,1454
70.492,1454
70.505,1450
70.521,1459
70.537,1443
70.55,1450
70.566,1431
70.578,1423
70.595,1437
70.611,1441
70.623,1460
70.64,1445
70.652,1443
70.668,1443
70.681,1448
70.697,1434
70.713,1443
70.726,1438
70.742,1426
70.754,1436
70.771,1447
70.787,1432
70.799,1440
70.816,1438
70.828,1429
70.844,1431
70.861,1442
70.873,1431
70.89,1440
70.902,1436
70.918,1428
70.93,1434
70.947,1425
70.963,1426
70.976,1441
70.992,1445
71.004,1443
71.021,1442
71.037,1432
71.049,1427
71.066,1433
71.078,1423
71.094,1429
71.111,1445
71.123,1451
71.139,1426
71.152,1432
71.168,1437
71.18,1435
71.197,1439
71.213,1428
71.225,1431
71.242,1416
71.254,1441
71.27,1449
71.287,1448
71.299,1438
71.315,1427
71.328,1435
71.344,1445
71.361,1447
71.373,1436
71.389,1442
71.402,1441
71.418,1427
71.43,1432
71.447,1420
71.463,1430
71.475,1440
71.492,1438
71.504,1435
71.52,1448
71.537,1435
71.549,1424
71.565,1435
71.578,1435
71.594,1430
71.61,1427
71.623,1448
71.639,1433
71.651,1449
71.668,1430
71.68,1419
71.696,1427
71.713,1435
71.725,1439
71.742,1429
71.754,1438
71.77,1432
71.787,1433
71.799,1431
71.815,1429
71.827,1427
71.844,1437
71.856,1444
71.872,1449
71.889,1438
71.901,1429
71.918,1428
71.93,1440
71.946,1425
71.963,1424
71.975,1449
71.991,1434
72.004,1435
72.02,1420
72.036,1430
72.049,1428
72.065,1425
72.077,1435
72.094,1432
72.106,1429
72.122,1445
72.139,1443
72.151,1430
72.167,1415
72.18,1425
72.196,1422
72.212,1430
72.225,1433
72.241,1433
72.253,1438
72.27,1429
72.282,1443
72.298,1435
72.315,1418
72.327,1427
72.343,1448
72.356,1450
72.372,1428
72.389,1429
72.401,1423
72.417,1443
72.43,1437
72.446,1415
72.462,1425
72.475,1428
72.491,1431
72.503,1415
72.52,1437
72.532,1435
72.548,1436
72.565,1425
72.577,1421
72.593,1444
72.606,1450
72.622,1437
72.639,1438
72.651,1431
72.667,1428
72.679,1422
72.696,1426
72.708,1440
72.724,1448
72.741,1430
72.753,1432
72.77,1422
72.782,1439
72.798,1427
72.814,1419
72.827,1437
72.843,1441
72.855,1441
72.872,1439
72.888,1445
72.901,1449
72.917,1426
72.929,1423
72.946,1421
72.958,1441
72.974,1426
72.991,1428
73.003,1412
73.019,1434
73.032,1437
73.048,1421
73.064,1420
73.077,1425
73.093,1445
73.109,1449
73.122,1436
73.134,1429
73.15,1439
73.167,1419
73.179,1418
73.195,1442
73.208,1441
73.224,1432
73.241,1435
73.253,1416
73.269,1441
73.281,1432
73.298,1419
73.31,1416
73.326,1437
73.343,1432
73.355,1430
73.372,1443
73.384,1443
73.4,1429
73.417,1434
73.429,1421
73.445,1432
73.458,1434
73.474,1437
73.49,1420
73.503,1421
73.519,1446
73.531,1447
73.548,1436
73.56,1421
73.576,1438
73.593,1432
73.605,1422
73.621,1439
73.634,1448
73.65,1441
73.666,1430
73.679,1420
73.695,1437
73.707,1442
73.724,1449
73.736,1429
73.753,1429
73.769,1433
73.781,1419
73.797,1419
73.81,1435
73.826,1441
73.843,1436
73.855,1430
73.871,1429
73.883,1427
73.9,1434
73.916,1427
73.929,1425
73.945,1443
73.957,1437
73.974,1435
73.986,1433
74.002,1436
74.019,1418
74.031,1420
74.047,1430
74.06,1434
74.076,1443
74.092,1440
74.105,1436
74.121,1425
74.133,1439
74.15,1425
74.162,1440
74.178,1421
74.195,1438
74.207,1419
74.224,1441
74.236,1439
74.252,1436
74.269,1420
74.281,1429
74.297,1432
74.309,1426
74.326,1457
74.342,1438
74.355,1426
74.371,1430
74.383,1407
74.4,1421
74.412,1429
74.428,1423
74.445,1453
74.457,1446
74.473,1430
74.486,1424
74.502,1419
74.518,1410
74.531,1431
74.547,1417
74.559,1428
74.576,1435
74.589,1441
74.604,1448
74.621,1430
74.633,1436
74.649,1423
74.662,1422
74.678,1442
74.694,1440
74.707,1434
74.723,1447
74.735,1427
74.752,1433
74.768,1442
74.78,1427
74.797,1435
74.809,1442
74.825,1439
74.838,1432
74.854,1439
74.871,1424
74.883,1423
74.899,1436
74.912,1424
74.928,1427
74.944,1434
74.957,1428
74.973,1429
74.985,1425
75.002,1421
75.014,1443
75.03,1434
75.047,1436
75.059,1435
75.075,1435
75.088,1442
75.104,1451
75.12,1438
75.133,1441
75.149,1430
75.161,1417
75.178,1450
75.194,1453
75.206,1445
75.223,1426
75.235,1447
75.251,1441
75.264,1432
75.28,1427
75.297,1448
75.309,1455
75.325,1440
75.338,1456
75.354,1441
75.37,1441
75.383,1437
75.399,1441
75.411,1427
75.428,1444
75.444,1469
75.456,1443
75.473,1435
75.485,1437
75.501,1437
75.518,1451
75.53,1418
75.546,1431
75.559,1450
75.575,1442
75.587,1450
75.604,1450
75.62,1442
75.632,1447
75.649,1431
75.661,1428
75.677,1450
75.694,1449
75.706,1446
75.723,1435
75.735,1449
75.751,1455
75.768,1444
75.78,1435
75.796,1435
75.808,1454
75.825,1445
75.841,1449
75.854,1432
75.87,1448
75.882,1435
75.899,1416
75.915,1440
75.927,1431
75.944,1438
75.956,1442
75.972,1435
75.985,1425
76.001,1452
76.017,1436
76.03,1434
76.046,1419
76.058,1430
76.075,1433
76.092,1423
76.103,1441
76.12,1440
76.132,1439
76.148,1438
76.161,1421
76.177,1439
76.194,1430
76.206,1443
76.222,1431
76.235,1431
76.251,1432
76.267,1442
76.28,1432
76.296,1440
76.308,1450
76.325,1451
76.341,1439
76.353,1449
76.37,1465
76.382,1467
76.398,1437
76.415,1462
76.427,1482
76.443,1487
76.456,1472
76.472,1492
76.488,1481
76.501,1475
76.517,1488
76.529,1503
76.546,1498
76.562,1488
76.574,1502
76.591,1516
76.607,1507
76.62,1512
76.636,1534
76.648,1517
76.665,1513
76.681,1502
76.693,1525
76.71,1534
76.726,1529
76.738,1539
76.755,1517
76.771,1695
76.787,2404
76.8,1574
76.816,1690
76.832,1760
76.849,1794
76.861,1820
76.878,1812
76.894,1880
76.91,1874
76.927,1887
76.939,1919
76.955,1888
76.973,1880
76.988,1824
77.004,1792
77.017,1789
77.033,1785
77.05,1766
77.066,1791
77.079,1789
77.095,1769
77.111,1769
77.127,1812
77.14,1826
77.156,1869
77.172,1911
77.189,1923
77.205,1939
77.222,1934
77.234,1949
77.25,1959
77.267,1905
77.283,1820
77.299,1767
77.312,1766
77.328,1774
77.344,1798
77.361,1841
77.373,1892
77.389,1896
77.406,1902
77.422,1924
77.439,1932
77.455,1930
77.467,1916
77.484,1935
77.5,1948
77.516,1960
77.533,1954
77.549,1957
77.561,1953
77.578,1972
77.594,1967
77.611,1952
77.627,1965
77.643,1979
77.66,1965
77.672,1967
77.688,1974
77.705,1987
77.721,1987
77.738,1978
77.754,1960
77.77,1978
77.783,1970
77.799,1978
77.815,1946
77.832,1963
77.848,1958
77.865,1955
77.881,1960
77.893,1986
77.91,1964
77.926,1970
77.942,1973
77.959,1978
77.975,1961
77.992,1987
78.004,1977
78.02,1980
78.037,1968
78.053,1988
78.069,1992
78.086,1982
78.102,1981
78.114,1991
78.131,1975
78.147,1970
78.164,2001
78.18,2002
78.196,1977
78.213,1976
78.225,1975
78.241,1986
78.258,1978
78.274,2002
78.291,2002
78.307,1975
78.323,1970
78.336,1971
78.352,1987
78.368,1999
78.387,2017
78.401,2003
78.418,2014
78.434,2001
